"nom","prénom","groupe","rattachement_parti"
"Abad","Damien","UMP","Union pour un mouvement populaire"
"Abeille","Laurence","Ecolo","Europe Ecologie Les Verts"
"Aboubacar","Ibrahim","SRC","Parti socialiste"
"Aboud","Élie","UMP","Union pour un mouvement populaire"
"Accoyer","Bernard","UMP","Union pour un mouvement populaire"
"Adam","Patricia","SRC","Parti socialiste"
"Alaux","Sylviane","SRC","Parti socialiste"
"Alauzet","Éric","Ecolo","Europe Ecologie Les Verts"
"Albarello","Yves","UMP","Union pour un mouvement populaire"
"Allain","Brigitte","Ecolo","Europe Ecologie Les Verts"
"Allossery","Jean-Pierre","SRC","Parti socialiste"
"Ameline","Nicole","UMP","Union pour un mouvement populaire"
"Amirshahi","Pouria","SRC","Parti socialiste"
"André","François","SRC","Parti socialiste"
"Andrieux","Sylvie","NI","Parti socialiste"
"Apparu","Benoist","UMP","Union pour un mouvement populaire"
"Appéré","Nathalie","SRC","Parti socialiste"
"Asensi","François","GDR","Forces de gauche"
"Assaf","Christian","SRC","Parti socialiste"
"Assouly","Avi","SRC","Parti socialiste"
"Attard","Isabelle","Ecolo","Europe Ecologie Les Verts"
"Aubert","Julien","UMP","Union pour un mouvement populaire"
"Audibert Troin","Olivier","UMP","Union pour un mouvement populaire"
"Auroi","Danielle","Ecolo","Europe Ecologie Les Verts"
"Aylagas","Pierre","SRC","Parti socialiste"
"Azerot","Bruno Nestor","GDR","Rassemblement démocratique pour la Martinique"
"Bachelay","Alexis","SRC","Parti socialiste"
"Bachelay","Guillaume","SRC","Parti socialiste"
"Bacquet","Jean-Paul","SRC","Parti socialiste"
"Baert","Dominique","SRC","Parti socialiste"
"Balkany","Patrick","UMP","Union pour un mouvement populaire"
"Bapt","Gérard","SRC","Parti socialiste"
"Barbier","Frédéric","SRC","Parti socialiste"
"Barbier","Jean-Pierre","UMP","Union pour un mouvement populaire"
"Bardy","Serge","SRC","Parti socialiste"
"Bareigts","Ericka","SRC","Parti socialiste"
"Baroin","François","UMP","Union pour un mouvement populaire"
"Bartolone","Claude","SRC","Parti socialiste"
"Bataille","Christian","SRC","Parti socialiste"
"Batho","Delphine","SRC","Parti socialiste"
"Battistel","Marie-Noëlle","SRC","Parti socialiste"
"Baumel","Laurent","SRC","Parti socialiste"
"Baumel","Philippe","SRC","Parti socialiste"
"Baupin","Denis","Ecolo","Europe Ecologie Les Verts"
"Bays","Nicolas","SRC","Parti socialiste"
"Beaubatie","Catherine","SRC","Parti socialiste"
"Bechtel","Marie-Françoise","SRC","Parti socialiste"
"Beffara","Jean-Marie","SRC","Parti socialiste"
"Bello","Huguette","GDR","Pour la Réunion, de toutes nos forces"
"Belot","Luc","SRC","Parti socialiste"
"Benisti","Jacques Alain","UMP","Union pour un mouvement populaire"
"Benoit","Thierry","UDI","Union des radicaux, centristes, indépendants et démocrates"
"Berger","Karine","SRC","Parti socialiste"
"Berrios","Sylvain","UMP","Union pour un mouvement populaire"
"Berthelot","Chantal","SRC","Parti socialiste"
"Bertrand","Xavier","UMP","Union pour un mouvement populaire"
"Besse","Véronique","NI","Debout la République"
"Biémouret","Gisèle","SRC","Parti socialiste"
"Bies","Philippe","SRC","Parti socialiste"
"Binet","Erwann","SRC","Parti socialiste"
"Blanc","Étienne","UMP","Union pour un mouvement populaire"
"Blazy","Jean-Pierre","SRC","Parti socialiste"
"Blein","Yves","SRC","Parti socialiste"
"Bleunven","Jean-Luc","SRC","Parti socialiste"
"Bloche","Patrick","SRC","Parti socialiste"
"Bocquet","Alain","GDR","Parti communiste français"
"Boisserie","Daniel","SRC","Parti socialiste"
"Boistard","Pascale","SRC","Parti socialiste"
"Bompard","Jacques","NI","Debout la République"
"Bonneton","Michèle","Ecolo","Europe Ecologie Les Verts"
"Bonnot","Marcel","UMP","Union pour un mouvement populaire"
"Borgel","Christophe","SRC","Parti socialiste"
"Borloo","Jean-Louis","UDI","Union des radicaux, centristes, indépendants et démocrates"
"Bouchet","Jean-Claude","UMP","Union pour un mouvement populaire"
"Boudié","Florent","SRC","Parti socialiste"
"Bouillé","Marie-Odile","SRC","Parti socialiste"
"Bouillon","Christophe","SRC","Parti socialiste"
"Bourdouleix","Gilles","NI","Debout la République"
"Bourguignon","Brigitte","SRC","Parti socialiste"
"Boutih","Malek","SRC","Parti socialiste"
"Bouziane","Kheira","SRC","Parti socialiste"
"Boyer","Valérie","UMP","Union pour un mouvement populaire"
"Braillard","Thierry","RRDP","Parti radical de gauche"
"Brehier","Emeric","SRC","Parti socialiste"
"Breton","Xavier","UMP","Union pour un mouvement populaire"
"Briand","Philippe","UMP","Union pour un mouvement populaire"
"Bricout","Jean-Louis","SRC","Parti socialiste"
"Bridey","Jean-Jacques","SRC","Parti socialiste"
"Brochand","Bernard","UMP","Union pour un mouvement populaire"
"Brottes","François","SRC","Parti socialiste"
"Bruneau","Isabelle","SRC","Parti socialiste"
"Buffet","Marie-George","GDR","Parti communiste français"
"Bui","Gwenegan","SRC","Parti socialiste"
"Buis","Sabine","SRC","Parti socialiste"
"Buisine","Jean-Claude","SRC","Parti socialiste"
"Bulteau","Sylviane","SRC","Parti socialiste"
"Burroni","Vincent","SRC","Parti socialiste"
"Bussereau","Dominique","UMP","Union pour un mouvement populaire"
"Calmette","Alain","SRC","Parti socialiste"
"Cambadélis","Jean-Christophe","SRC","Parti socialiste"
"Candelier","Jean-Jacques","GDR","Parti communiste français"
"Capdevielle","Colette","SRC","Parti socialiste"
"Capet","Yann","SRC","Parti socialiste"
"Caresche","Christophe","SRC","Parti socialiste"
"Carpentier","Jean-Noël","RRDP","Parti radical de gauche"
"Carre","Olivier","UMP","Union pour un mouvement populaire"
"Carrey-Conte","Fanélie","SRC","Parti socialiste"
"Carrez","Gilles","UMP","Union pour un mouvement populaire"
"Carrillon-Couvreur","Martine","SRC","Parti socialiste"
"Carvalho","Patrice","GDR","Parti communiste français"
"Castaner","Christophe","SRC","Parti socialiste"
"Cathala","Laurent","SRC","Parti socialiste"
"Caullet","Jean-Yves","SRC","Parti socialiste"
"Cavard","Christophe","Ecolo","Europe Ecologie Les Verts"
"Censi","Yves","UMP","Union pour un mouvement populaire"
"Chabanne","Nathalie","SRC","Parti socialiste"
"Chalus","Ary","RRDP","Guadeloupe unie socialisme et réalité"
"Chambefort","Guy","SRC","Parti socialiste"
"Chanteguet","Jean-Paul","SRC","Parti socialiste"
"Chapdelaine","Marie-Anne","SRC","Parti socialiste"
"Charasse","Gérard","RRDP","Parti radical de gauche"
"Charroux","Gaby","GDR","Parti communiste français"
"Chartier","Jérôme","UMP","Union pour un mouvement populaire"
"Chassaigne","André","GDR","Parti communiste français"
"Chatel","Luc","UMP","Union pour un mouvement populaire"
"Chauveau","Guy-Michel","SRC","Parti socialiste"
"Chauvel","Dominique","SRC","Parti socialiste"
"Cherki","Pascal","SRC","Parti socialiste"
"Cherpion","Gérard","UMP","Union pour un mouvement populaire"
"Chevrollier","Guillaume","UMP","Union pour un mouvement populaire"
"Chrétien","Alain","UMP","Union pour un mouvement populaire"
"Christ","Jean-Louis","UMP","Union pour un mouvement populaire"
"Cinieri","Dino","UMP","Union pour un mouvement populaire"
"Ciot","Jean-David","SRC","Parti socialiste"
"Ciotti","Éric","UMP","Union pour un mouvement populaire"
"Claeys","Alain","SRC","Parti socialiste"
"Clément","Jean-Michel","SRC","Parti socialiste"
"Clergeau","Marie-Françoise","SRC","Parti socialiste"
"Cochet","Philippe","UMP","Union pour un mouvement populaire"
"Collard","Gilbert","NI","Front national"
"Copé","Jean-François","UMP","Union pour un mouvement populaire"
"Cordery","Philip","SRC","Parti socialiste"
"Cornut-Gentille","François","UMP","Union pour un mouvement populaire"
"Coronado","Sergio","Ecolo","Europe Ecologie Les Verts"
"Corre","Valérie","SRC","Parti socialiste"
"Costes","Jean-Louis","UMP","Union pour un mouvement populaire"
"Cottel","Jean-Jacques","SRC","Parti socialiste"
"Courson (de)","Charles","UDI","Association PSLE-Nouveau Centre"
"Courtial","Édouard","UMP","Union pour un mouvement populaire"
"Coutelle","Catherine","SRC","Parti socialiste"
"Couve","Jean-Michel","UMP","Union pour un mouvement populaire"
"Cresta","Jacques","SRC","Parti socialiste"
"Crozon","Pascale","SRC","Parti socialiste"
"Dagoma","Seybah","SRC","Parti socialiste"
"Dalloz","Marie-Christine","UMP","Union pour un mouvement populaire"
"Daniel","Yves","SRC","Parti socialiste"
"Darmanin","Gérald","UMP","Union pour un mouvement populaire"
"Da Silva","Carlos","SRC","Parti socialiste"
"Dassault","Olivier","UMP","Union pour un mouvement populaire"
"Daubresse","Marc-Philippe","UMP","Union pour un mouvement populaire"
"Debré","Bernard","UMP","Union pour un mouvement populaire"
"Decool","Jean-Pierre","UMP","Debout la République"
"Deflesselles","Bernard","UMP","Union pour un mouvement populaire"
"Degauchy","Lucien","UMP","Union pour un mouvement populaire"
"Deguilhem","Pascal","SRC","Parti socialiste"
"Delatte","Rémi","UMP","Union pour un mouvement populaire"
"Delaunay","Florence","SRC","Parti socialiste"
"Delcourt","Guy","SRC","Parti socialiste"
"Delga","Carole","SRC","Parti socialiste"
"Demilly","Stéphane","UDI","Association PSLE-Nouveau Centre"
"Denaja","Sébastien","SRC","Parti socialiste"
"Descamps-Crosnier","Françoise","SRC","Parti socialiste"
"Dessus","Sophie","SRC","Parti socialiste"
"Destans","Jean-Louis","SRC","Parti socialiste"
"Destot","Michel","SRC","Parti socialiste"
"Devedjian","Patrick","UMP","Union pour un mouvement populaire"
"Dhuicq","Nicolas","UMP","Union pour un mouvement populaire"
"Dion","Sophie","UMP","Union pour un mouvement populaire"
"Dolez","Marc","GDR","Parti communiste français"
"Dombre Coste","Fanny","SRC","Parti socialiste"
"Door","Jean-Pierre","UMP","Union pour un mouvement populaire"
"Dord","Dominique","UMP","Union pour un mouvement populaire"
"Dosière","René","SRC","Parti socialiste"
"Doucet","Philippe","SRC","Parti socialiste"
"Doucet","Sandrine","SRC","Parti socialiste"
"Douillet","David","UMP","Union pour un mouvement populaire"
"Dubie","Jeanine","RRDP","Parti radical de gauche"
"Dubois","Françoise","SRC","Parti socialiste"
"Dubois","Marianne","UMP","Union pour un mouvement populaire"
"Duby-Muller","Virginie","UMP","Union pour un mouvement populaire"
"Dufau","Jean-Pierre","SRC","Parti socialiste"
"Dufour-Tonini","Anne-Lise","SRC","Parti socialiste"
"Dumas","Françoise","SRC","Parti socialiste"
"Dumas","William","SRC","Parti socialiste"
"Dumont","Jean-Louis","SRC","Parti socialiste"
"Dumont","Laurence","SRC","Parti socialiste"
"Dupont-Aignan","Nicolas","NI","Debout la République"
"Dupré","Jean-Paul","SRC","Parti socialiste"
"Durand","Yves","SRC","Parti socialiste"
"Duron","Philippe","SRC","Parti socialiste"
"Dussopt","Olivier","SRC","Parti socialiste"
"Eckert","Christian","SRC","Parti socialiste"
"Emmanuelli","Henri","SRC","Parti socialiste"
"Erhel","Corinne","SRC","Parti socialiste"
"Errante","Sophie","SRC","Parti socialiste"
"Estrosi","Christian","UMP","Union pour un mouvement populaire"
"Fabre","Marie-Hélène","SRC","Parti socialiste"
"Falorni","Olivier","RRDP","Parti radical de gauche"
"Fasquelle","Daniel","UMP","Union pour un mouvement populaire"
"Fauré","Alain","SRC","Parti socialiste"
"Faure","Martine","SRC","Parti socialiste"
"Faure","Olivier","SRC","Parti socialiste"
"Favennec","Yannick","UDI","Union des radicaux, centristes, indépendants et démocrates"
"Fekl","Matthias","SRC","Parti socialiste"
"Feltesse","Vincent","SRC","Parti socialiste"
"Fenech","Georges","UMP","Union pour un mouvement populaire"
"Féron","Hervé","SRC","Parti socialiste"
"Ferrand","Richard","SRC","Parti socialiste"
"Fillon","François","UMP","Union pour un mouvement populaire"
"Folliot","Philippe","UDI","Union des radicaux, centristes, indépendants et démocrates"
"Fort","Marie-Louise","UMP","Union pour un mouvement populaire"
"Fougerat","Jean-Pierre","SRC","Parti socialiste"
"Foulon","Yves","UMP","Union pour un mouvement populaire"
"Fourage","Hugues","SRC","Parti socialiste"
"Fournier-Armand","Michèle","SRC","Parti socialiste"
"Françaix","Michel","SRC","Parti socialiste"
"Francina","Marc","UMP","Union pour un mouvement populaire"
"Franqueville","Christian","SRC","Parti socialiste"
"Fraysse","Jacqueline","GDR","Forces de gauche"
"Fritch","Édouard","UDI","Tahoeraa huiraatira"
"Fromantin","Jean-Christophe","UDI","Union des radicaux, centristes, indépendants et démocrates"
"Fromion","Yves","UMP","Union pour un mouvement populaire"
"Fruteau","Jean-Claude","SRC","Parti socialiste"
"Furst","Laurent","UMP","Union pour un mouvement populaire"
"Gagnaire","Jean-Louis","SRC","Parti socialiste"
"Gaillard","Geneviève","SRC","Parti socialiste"
"Galut","Yann","SRC","Parti socialiste"
"Ganay (de)","Claude","UMP","Union pour un mouvement populaire"
"Gandolfi-Scheit","Sauveur","UMP","Union pour un mouvement populaire"
"Gaymard","Hervé","UMP","Union pour un mouvement populaire"
"Genevard","Annie","UMP","Union pour un mouvement populaire"
"Geoffroy","Guy","UMP","Union pour un mouvement populaire"
"Geoffroy","Hélène","SRC","Parti socialiste"
"Gérard","Bernard","UMP","Union pour un mouvement populaire"
"Germain","Jean-Marc","SRC","Parti socialiste"
"Gest","Alain","UMP","Union pour un mouvement populaire"
"Giacobbi","Paul","RRDP","Parti radical de gauche"
"Gibbes","Daniel","UMP","Union pour un mouvement populaire"
"Gilard","Franck","UMP","Union pour un mouvement populaire"
"Gille","Jean-Patrick","SRC","Parti socialiste"
"Ginesta","Georges","UMP","Union pour un mouvement populaire"
"Ginesy","Charles-Ange","UMP","Union pour un mouvement populaire"
"Giran","Jean-Pierre","UMP","Union pour un mouvement populaire"
"Girardin","Annick","RRDP","Cap sur l'avenir"
"Giraud","Joël","RRDP","Parti radical de gauche"
"Glavany","Jean","SRC","Parti socialiste"
"Goasdoué","Yves","SRC","Parti socialiste"
"Goasguen","Claude","UMP","Union pour un mouvement populaire"
"Goldberg","Daniel","SRC","Parti socialiste"
"Gomes","Philippe","UDI","Calédonie ensemble"
"Gorges","Jean-Pierre","UMP","Union pour un mouvement populaire"
"Gosselin","Philippe","UMP","Union pour un mouvement populaire"
"Gosselin-Fleury","Geneviève","SRC","Parti socialiste"
"Got","Pascale","SRC","Parti socialiste"
"Goua","Marc","SRC","Parti socialiste"
"Goujon","Philippe","UMP","Union pour un mouvement populaire"
"Gourjade","Linda","SRC","Parti socialiste"
"Grandguillaume","Laurent","SRC","Parti socialiste"
"Greff","Claude","UMP","Union pour un mouvement populaire"
"Grelier","Estelle","SRC","Parti socialiste"
"Grellier","Jean","SRC","Parti socialiste"
"Grommerch","Anne","UMP","Union pour un mouvement populaire"
"Grosskost","Arlette","UMP","Union pour un mouvement populaire"
"Grouard","Serge","UMP","Union pour un mouvement populaire"
"Guaino","Henri","UMP","Union pour un mouvement populaire"
"Guedj","Jérôme","SRC","Parti socialiste"
"Guégot","Françoise","UMP","Union pour un mouvement populaire"
"Gueugneau","Edith","SRC","Parti socialiste"
"Guibal","Jean-Claude","UMP","Union pour un mouvement populaire"
"Guigou","Élisabeth","SRC","Parti socialiste"
"Guilbert","Thérèse","SRC","Parti socialiste"
"Guillet","Jean-Jacques","UMP","Union pour un mouvement populaire"
"Guilloteau","Christophe","UMP","Union pour un mouvement populaire"
"Guittet","Chantal","SRC","Parti socialiste"
"Habib","David","SRC","Parti socialiste"
"Habib","Meyer","UDI","Union des radicaux, centristes, indépendants et démocrates"
"Hammadi","Razzy","SRC","Parti socialiste"
"Hanotin","Mathieu","SRC","Parti socialiste"
"Heinrich","Michel","UMP","Union pour un mouvement populaire"
"Herbillon","Michel","UMP","Union pour un mouvement populaire"
"Herth","Antoine","UMP","Union pour un mouvement populaire"
"Hetzel","Patrick","UMP","Union pour un mouvement populaire"
"Hillmeyer","Francis","UDI","Association PSLE-Nouveau Centre"
"Hoffman-Rispal","Danièle","SRC","Parti socialiste"
"Houillon","Philippe","UMP","Union pour un mouvement populaire"
"Huet","Guénhaël","UMP","Union pour un mouvement populaire"
"Huillier","Joëlle","SRC","Parti socialiste"
"Hurel","Sandrine","SRC","Parti socialiste"
"Hutin","Christian","SRC","Parti socialiste"
"Huyghe","Sébastien","UMP","Union pour un mouvement populaire"
"Iborra","Monique","SRC","Parti socialiste"
"Imbert","Françoise","SRC","Parti socialiste"
"Issindou","Michel","SRC","Parti socialiste"
"Jacob","Christian","UMP","Union pour un mouvement populaire"
"Jacquat","Denis","UMP","Union pour un mouvement populaire"
"Jalton","Éric","SRC","Parti communiste guadeloupéen"
"Janquin","Serge","SRC","Parti socialiste"
"Jego","Yves","UDI","Union des radicaux, centristes, indépendants et démocrates"
"Jibrayel","Henri","SRC","Parti socialiste"
"Juanico","Régis","SRC","Parti socialiste"
"Jung","Armand","SRC","Parti socialiste"
"Kalinowski","Laurent","SRC","Parti socialiste"
"Karamanli","Marietta","SRC","Parti socialiste"
"Kemel","Philippe","SRC","Parti socialiste"
"Kert","Christian","UMP","Union pour un mouvement populaire"
"Khirouni","Chaynesse","SRC","Parti socialiste"
"Kosciusko-Morizet","Nathalie","UMP","Union pour un mouvement populaire"
"Kossowski","Jacques","UMP","Union pour un mouvement populaire"
"Krabal","Jacques","RRDP","Parti radical de gauche"
"Labaune","Patrick","UMP","Union pour un mouvement populaire"
"Laclais","Bernadette","SRC","Parti socialiste"
"Lacroute","Valérie","UMP","Union pour un mouvement populaire"
"Lacuey","Conchita","SRC","Parti socialiste"
"Laffineur","Marc","UMP","Union pour un mouvement populaire"
"Lagarde","Sonia","UDI","Calédonie ensemble"
"Lagarde","Jean-Christophe","UDI","Union des radicaux, centristes, indépendants et démocrates"
"Lambert","François-Michel","Ecolo","Europe Ecologie Les Verts"
"Lambert","Jérôme","SRC","Parti socialiste"
"Lamblin","Jacques","UMP","Union pour un mouvement populaire"
"Lamour","Jean-François","UMP","Union pour un mouvement populaire"
"Langlade","Colette","SRC","Parti socialiste"
"La Raudiere (de)","Laure","UMP","Union pour un mouvement populaire"
"Larrivé","Guillaume","UMP","Union pour un mouvement populaire"
"Lassalle","Jean","NI","Le Centre pour la France"
"Launay","Jean","SRC","Parti socialiste"
"Laurent","Jean-Luc","SRC","Parti socialiste"
"La Verpillière (de)","Charles","UMP","Union pour un mouvement populaire"
"Lazaro","Thierry","UMP","Union pour un mouvement populaire"
"Leautey","Pierre","SRC","Parti socialiste"
"Leboeuf","Alain","UMP","Union pour un mouvement populaire"
"LeBorgn'","Pierre-Yves","SRC","Parti socialiste"
"Le Bouillonnec","Jean-Yves","SRC","Parti socialiste"
"Lebreton","Patrick","SRC","Parti socialiste"
"Le Bris","Gilbert","SRC","Parti socialiste"
"Le Callennec","Isabelle","UMP","Union pour un mouvement populaire"
"Le Dain","Anne-Yvonne","SRC","Parti socialiste"
"Le Deaut","Jean-Yves","SRC","Parti socialiste"
"Le Dissez","Viviane","SRC","Parti socialiste"
"Lefait","Michel","SRC","Parti socialiste"
"Lefebvre","Dominique","SRC","Parti socialiste"
"Lefebvre","Frédéric","UMP","Union pour un mouvement populaire"
"Le Fur","Marc","UMP","Union pour un mouvement populaire"
"Le Guen","Jean-Marie","SRC","Parti socialiste"
"Le Houerou","Annie","SRC","Parti socialiste"
"Lellouche","Pierre","UMP","Union pour un mouvement populaire"
"Le Loch","Annick","SRC","Parti socialiste"
"Lemaire","Axelle","SRC","Parti socialiste"
"Le Maire","Bruno","UMP","Union pour un mouvement populaire"
"Lemasle","Patrick","SRC","Parti socialiste"
"Le Méner","Dominique","UMP","Union pour un mouvement populaire"
"Lemorton","Catherine","SRC","Parti socialiste"
"Léonard","Christophe","SRC","Parti socialiste"
"Leonetti","Jean","UMP","Union pour un mouvement populaire"
"Lepetit","Annick","SRC","Parti socialiste"
"Lequiller","Pierre","UMP","Union pour un mouvement populaire"
"Le Ray","Philippe","UMP","Union pour un mouvement populaire"
"Le Roch","Jean-Pierre","SRC","Parti socialiste"
"Le Roux","Bruno","SRC","Parti socialiste"
"Leroy","Arnaud","SRC","Parti socialiste"
"Leroy","Maurice","UDI","Debout la République"
"Lesage","Michel","SRC","Parti socialiste"
"Lesterlin","Bernard","SRC","Parti socialiste"
"Letchimy","Serge","SRC","Parti progressiste martiniquais"
"Lett","Céleste","UMP","Union pour un mouvement populaire"
"Levy","Geneviève","UMP","Union pour un mouvement populaire"
"Liebgott","Michel","SRC","Parti socialiste"
"Lignières-Cassou","Martine","SRC","Parti socialiste"
"Linkenheld","Audrey","SRC","Parti socialiste"
"Loncle","François","SRC","Parti socialiste"
"Louis-Carabin","Gabrielle","SRC","Démocratie et République"
"Lousteau","Lucette","SRC","Parti socialiste"
"Louwagie","Véronique","UMP","Union pour un mouvement populaire"
"Luca","Lionnel","UMP","Union pour un mouvement populaire"
"Lurton","Gilles","UMP","Union pour un mouvement populaire"
"Maggi","Jean-Pierre","SRC","Parti socialiste"
"Malle","Jean-Philippe","SRC","Parti socialiste"
"Mamère","Noël","Ecolo","Europe Ecologie Les Verts"
"Mancel","Jean-François","UMP","Union pour un mouvement populaire"
"Mandon","Thierry","SRC","Parti socialiste"
"Maquet","Jacqueline","SRC","Parti socialiste"
"Marc","Alain","UMP","Union pour un mouvement populaire"
"Marcangeli","Laurent","UMP","Union pour un mouvement populaire"
"Marcel","Marie-Lou","SRC","Parti socialiste"
"Maréchal-Le Pen","Marion","NI","Front national"
"Mariani","Thierry","UMP","Union pour un mouvement populaire"
"Marie-Jeanne","Alfred","GDR","Mouvement indépendantiste martiniquais"
"Mariton","Hervé","UMP","Union pour un mouvement populaire"
"Marleix","Alain","UMP","Union pour un mouvement populaire"
"Marleix","Olivier","UMP","Union pour un mouvement populaire"
"Marlin","Franck","UMP","Union pour un mouvement populaire"
"Marsac","Jean-René","SRC","Parti socialiste"
"Marsaud","Alain","UMP","Union pour un mouvement populaire"
"Martin","Philippe Armand","UMP","Union pour un mouvement populaire"
"Martinel","Martine","SRC","Parti socialiste"
"Martin-Lalande","Patrice","UMP","Union pour un mouvement populaire"
"Marty","Alain","UMP","Union pour un mouvement populaire"
"Massat","Frédérique","SRC","Parti socialiste"
"Massonneau","Véronique","Ecolo","Europe Ecologie Les Verts"
"Mathis","Jean-Claude","UMP","Union pour un mouvement populaire"
"Mazetier","Sandrine","SRC","Parti socialiste"
"Mazières (de)","François","UMP","Union pour un mouvement populaire"
"Ménard","Michel","SRC","Parti socialiste"
"Mennucci","Patrick","SRC","Parti socialiste"
"Meslot","Damien","UMP","Union pour un mouvement populaire"
"Mesquida","Kléber","SRC","Parti socialiste"
"Meunier","Philippe","UMP","Union pour un mouvement populaire"
"Mignon","Jean-Claude","UMP","Union pour un mouvement populaire"
"Moignard","Jacques","RRDP","Parti radical de gauche"
"Molac","Paul","Ecolo","Europe Ecologie Les Verts"
"Montaugé","Franck","SRC","Parti socialiste"
"Morange","Pierre","UMP","Union pour un mouvement populaire"
"Moreau","Yannick","UMP","Union pour un mouvement populaire"
"Morel-A-L'Huissier","Pierre","UMP","Union pour un mouvement populaire"
"Morin","Hervé","UDI","Association PSLE-Nouveau Centre"
"Moudenc","Jean-Luc","UMP","Union pour un mouvement populaire"
"Moyne-Bressand","Alain","UMP","Union pour un mouvement populaire"
"Muet","Pierre-Alain","SRC","Parti socialiste"
"Myard","Jacques","UMP","Union pour un mouvement populaire"
"Nachury","Dominique","UMP","Union pour un mouvement populaire"
"Nauche","Philippe","SRC","Parti socialiste"
"Neuville","Ségolène","SRC","Parti socialiste"
"Nicolin","Yves","UMP","Union pour un mouvement populaire"
"Nieson","Nathalie","SRC","Parti socialiste"
"Nilor","Jean-Philippe","GDR","Mouvement indépendantiste martiniquais"
"Nogues","Philippe","SRC","Parti socialiste"
"Olivier","Maud","SRC","Parti socialiste"
"Ollier","Patrick","UMP","Union pour un mouvement populaire"
"Orliac","Dominique","RRDP","Parti radical de gauche"
"Orphé","Monique","SRC","Parti socialiste"
"Pajon","Michel","SRC","Parti socialiste"
"Pancher","Bertrand","UDI","Union des radicaux, centristes, indépendants et démocrates"
"Pane","Luce","SRC","Parti socialiste"
"Paul","Christian","SRC","Parti socialiste"
"Pauvros","Rémi","SRC","Parti socialiste"
"Pécresse","Valérie","UMP","Union pour un mouvement populaire"
"Peiro","Germinal","SRC","Parti socialiste"
"Pelissard","Jacques","UMP","Union pour un mouvement populaire"
"Pellois","Hervé","SRC","Non rattaché"
"Perez","Jean-Claude","SRC","Parti socialiste"
"Perrut","Bernard","UMP","Union pour un mouvement populaire"
"Philippe","Edouard","UMP","Union pour un mouvement populaire"
"Pichot","Sylvie","SRC","Parti socialiste"
"Pietrasanta","Sébastien","SRC","Parti socialiste"
"Pinville","Martine","SRC","Parti socialiste"
"Pires Beaune","Christine","SRC","Parti socialiste"
"Piron","Michel","UDI","Union des radicaux, centristes, indépendants et démocrates"
"Plisson","Philippe","SRC","Parti socialiste"
"Pochon","Elisabeth","SRC","Parti socialiste"
"Poisson","Jean-Frédéric","UMP","Union pour un mouvement populaire"
"Poletti","Bérengère","UMP","Union pour un mouvement populaire"
"Polutélé","Napole","SRC","Parti socialiste"
"Pompili","Barbara","Ecolo","Europe Ecologie Les Verts"
"Poniatowski","Axel","UMP","Union pour un mouvement populaire"
"Pons","Josette","UMP","Union pour un mouvement populaire"
"Popelin","Pascal","SRC","Parti socialiste"
"Potier","Dominique","SRC","Parti socialiste"
"Poumirol","Émilienne","SRC","Parti socialiste"
"Pouzol","Michel","SRC","Parti socialiste"
"Prat","Patrice","SRC","Parti socialiste"
"Priou","Christophe","UMP","Union pour un mouvement populaire"
"Pueyo","Joaquim","SRC","Parti socialiste"
"Pupponi","François","SRC","Parti socialiste"
"Quentin","Didier","UMP","Union pour un mouvement populaire"
"Quéré","Catherine","SRC","Parti socialiste"
"Rabault","Valérie","SRC","Parti socialiste"
"Rabin","Monique","SRC","Parti socialiste"
"Raimbourg","Dominique","SRC","Parti socialiste"
"Récalde","Marie","SRC","Parti socialiste"
"Reiss","Frédéric","UMP","Union pour un mouvement populaire"
"Reitzer","Jean-Luc","UMP","Union pour un mouvement populaire"
"Reynaud","Marie-Line","SRC","Parti socialiste"
"Reynes","Bernard","UMP","Union pour un mouvement populaire"
"Reynier","Franck","UDI","Union des radicaux, centristes, indépendants et démocrates"
"Richard","Arnaud","UDI","Union des radicaux, centristes, indépendants et démocrates"
"Riester","Franck","UMP","Union pour un mouvement populaire"
"Rihan-Cypel","Eduardo","SRC","Parti socialiste"
"Robert","Thierry","RRDP","La politique autrement (Union de la majorité municipale)"
"Robiliard","Denys","SRC","Parti socialiste"
"Robinet","Arnaud","UMP","Union pour un mouvement populaire"
"Rocca Serra (de)","Camille","UMP","Union pour un mouvement populaire"
"Rochebloine","François","UDI","Union des radicaux, centristes, indépendants et démocrates"
"Rodet","Alain","SRC","Parti socialiste"
"Rogemont","Marcel","SRC","Parti socialiste"
"Rohfritsch","Sophie","UMP","Union pour un mouvement populaire"
"Roig","Frédéric","SRC","Parti socialiste"
"Romagnan","Barbara","SRC","Parti socialiste"
"Roman","Bernard","SRC","Parti socialiste"
"Rouillard","Gwendal","SRC","Parti socialiste"
"Roumegas","Jean-Louis","Ecolo","Europe Ecologie Les Verts"
"Rouquet","René","SRC","Parti socialiste"
"Rousset","Alain","SRC","Parti socialiste"
"Rugy (de)","François","Ecolo","Europe Ecologie Les Verts"
"Saddier","Martial","UMP","Union pour un mouvement populaire"
"Said","Boinali","SRC","Parti socialiste"
"Saint-André","Stéphane","RRDP","Parti radical de gauche"
"Salen","Paul","UMP","Union pour un mouvement populaire"
"Salles","Rudy","UDI","Association PSLE-Nouveau Centre"
"Sansu","Nicolas","GDR","Parti communiste français"
"Santais","Béatrice","SRC","Parti socialiste"
"Santini","André","UDI","Union des radicaux, centristes, indépendants et démocrates"
"Sas","Eva","Ecolo","Europe Ecologie Les Verts"
"Saugues","Odile","SRC","Parti socialiste"
"Sauvadet","François","UDI","Union des radicaux, centristes, indépendants et démocrates"
"Sauvan","Gilbert","SRC","Parti socialiste"
"Savary","Gilles","SRC","Parti socialiste"
"Scellier","François","UMP","Union pour un mouvement populaire"
"Schmid","Claudine","UMP","Union pour un mouvement populaire"
"Schneider","André","UMP","Union pour un mouvement populaire"
"Schwartzenberg","Roger-Gérard","RRDP","Parti radical de gauche"
"Sebaoun","Gérard","SRC","Parti socialiste"
"Sermier","Jean-Marie","UMP","Union pour un mouvement populaire"
"Serville","Gabriel","GDR","Démocratie et République"
"Sire","Fernand","UMP","Union pour un mouvement populaire"
"Sirugue","Christophe","SRC","Parti socialiste"
"Solère","Thierry","UMP","Union pour un mouvement populaire"
"Sommaruga","Julie","SRC","Parti socialiste"
"Sordi","Michel","UMP","Union pour un mouvement populaire"
"Straumann","Éric","UMP","Union pour un mouvement populaire"
"Sturni","Claude","UMP","Union pour un mouvement populaire"
"Suguenot","Alain","UMP","Union pour un mouvement populaire"
"Tabarot","Michèle","UMP","Union pour un mouvement populaire"
"Tahuaitu","Jonas","UDI","Tahoeraa huiraatira"
"Tallard","Suzanne","SRC","Parti socialiste"
"Tardy","Lionel","UMP","Union pour un mouvement populaire"
"Taugourdeau","Jean-Charles","UMP","Union pour un mouvement populaire"
"Teissier","Guy","UMP","Union pour un mouvement populaire"
"Terrasse","Pascal","SRC","Parti socialiste"
"Terrier","Gérard","SRC","Parti socialiste"
"Terrot","Michel","UMP","Union pour un mouvement populaire"
"Tetart","Jean-Marie","UMP","Union pour un mouvement populaire"
"Thévenoud","Thomas","SRC","Parti socialiste"
"Tian","Dominique","UMP","Union pour un mouvement populaire"
"Tolmont","Sylvie","SRC","Parti socialiste"
"Touraine","Jean-Louis","SRC","Parti socialiste"
"Tourret","Alain","RRDP","Parti radical de gauche"
"Travert","Stéphane","SRC","Parti socialiste"
"Troallic","Catherine","SRC","Parti socialiste"
"Tuaiva","Jean-Paul","UDI","Tahoeraa huiraatira"
"Untermaier","Cécile","SRC","Parti socialiste"
"Urvoas","Jean-Jacques","SRC","Parti socialiste"
"Vaillant","Daniel","SRC","Parti socialiste"
"Vainqueur-Christophe","Hélène","SRC","Parti socialiste"
"Valax","Jacques","SRC","Parti socialiste"
"Valter","Clotilde","SRC","Parti socialiste"
"Vannson","François","UMP","Union pour un mouvement populaire"
"Vautrin","Catherine","UMP","Union pour un mouvement populaire"
"Vauzelle","Michel","SRC","Parti socialiste"
"Véran","Olivier","SRC","Parti socialiste"
"Vercamer","Francis","UDI","Association PSLE-Nouveau Centre"
"Verchère","Patrice","UMP","Union pour un mouvement populaire"
"Verdier","Fabrice","SRC","Parti socialiste"
"Vergnier","Michel","SRC","Parti socialiste"
"Vialatte","Jean-Sébastien","UMP","Union pour un mouvement populaire"
"Vigier","Jean-Pierre","UMP","Union pour un mouvement populaire"
"Vigier","Philippe","UDI","Association PSLE-Nouveau Centre"
"Vignal","Patrick","SRC","Parti socialiste"
"Villain","François-Xavier","UDI","Union des radicaux, centristes, indépendants et démocrates"
"Villaumé","Jean-Michel","SRC","Parti socialiste"
"Vitel","Philippe","UMP","Union pour un mouvement populaire"
"Vlody","Jean Jacques","SRC","Parti socialiste"
"Voisin","Michel","UMP","Union pour un mouvement populaire"
"Warsmann","Jean-Luc","UMP","Union pour un mouvement populaire"
"Wauquiez","Laurent","UMP","Union pour un mouvement populaire"
"Woerth","Éric","UMP","Union pour un mouvement populaire"
"Zanetti","Paola","SRC","Parti socialiste"
"Zimmermann","Marie-Jo","UMP","Union pour un mouvement populaire"
"Zumkeller","Michel","UDI","Union des radicaux, centristes, indépendants et démocrates"
