2010-11-20,08:30,,M. Jean-Luc Blanc-Simon
2010-11-20,08:30,,M. Serge Dupouy
2010-11-20,08:30,,M. Jean-Christophe Elineau
2010-11-20,08:30,,M. Jean Fornier de Lachaux
2010-11-20,08:30,,Mme Valérie Gardeils
2010-11-20,08:30,,Mme Nelly Gillet
2010-11-20,08:30,,M. Jacques Lafitte
2010-11-20,08:30,,M. Gilles Laporte
2010-11-20,08:30,,M. Jean-Pierre Lassalle
2010-11-20,08:30,,M. Jean-Jacques Lesbats
2010-11-20,08:30,,M. Alain Marchal
2010-11-20,08:30,,M. Laurent Martinez
2010-11-20,08:30,,Mme Jessy Péan
2010-11-20,08:30,,Mme Fabienne Schaerer
2010-11-20,08:30,,Mme Angéline Sourigues
2008-03-15,09:15,,M. Jean-Luc Blanc-Simon
2008-03-15,09:15,,M. Serge Dupouy
2008-03-15,09:15,,M. Jean-Christophe Elineau
2008-03-15,09:15,,M. Jean Fornier de Lachaux
2008-03-15,09:15,,M. Michel Fourcade
2008-03-15,09:15,,Mme Ingrid Galbert
2008-03-15,09:15,,Mme Valérie Gardeils
2008-03-15,09:15,,Mme Nelly Gillet
2008-03-15,09:15,,M. Gilles Laporte
2008-03-15,09:15,,M. Jean-Pierre Lassalle
2008-03-15,09:15,,M. Alain Marchal
2008-03-15,09:15,,M. Laurent Martinez
2008-03-15,09:15,,Mme Yves Morel
2008-03-15,09:15,,Mme Fabienne Schaerer
2008-03-15,09:15,,Mme Angéline Sourigues
